<?xml version="1.0" encoding="utf-8"?>
<SoundBanksInfo Platform="Windows" BasePlatform="Windows" SchemaVersion="11" SoundbankVersion="132">
	<RootPaths>
		<ProjectRoot>C:\Users\vinny\Documents\WwiseProjects\Sephiroth\</ProjectRoot>
		<SourceFilesRoot>C:\Users\vinny\Documents\WwiseProjects\Sephiroth\.cache\Windows\</SourceFilesRoot>
		<SoundBanksRoot>C:\Users\vinny\Documents\WwiseProjects\Sephiroth\GeneratedSoundBanks\Windows\</SoundBanksRoot>
		<ExternalSourcesInputFile></ExternalSourcesInputFile>
		<ExternalSourcesOutputRoot>C:\Users\vinny\Documents\WwiseProjects\Sephiroth\GeneratedSoundBanks\Windows</ExternalSourcesOutputRoot>
	</RootPaths>
	<DialogueEvents/>
	<StreamedFiles/>
	<MediaFilesNotInAnyBank/>
	<SoundBanks>
		<SoundBank Id="1355168291" Language="SFX">
			<ObjectPath>Init</ObjectPath>
			<ShortName>Init</ShortName>
			<Path>Init.bnk</Path>
		</SoundBank>
		<SoundBank Id="1427880541" Language="SFX">
			<ObjectPath>\SoundBanks\Default Work Unit\SephirothBank</ObjectPath>
			<ShortName>SephirothBank</ShortName>
			<Path>SephirothBank.bnk</Path>
			<IncludedEvents>
				<Event Id="217878488" Name="seph_hit1" ObjectPath="\Events\Default Work Unit\seph_hit1"/>
				<Event Id="217878491" Name="seph_hit2" ObjectPath="\Events\Default Work Unit\seph_hit2"/>
				<Event Id="3037780903" Name="seph_hit_sfx" ObjectPath="\Events\Default Work Unit\seph_hit_sfx"/>
				<Event Id="600535744" Name="seph_wiff_sfx" ObjectPath="\Events\Default Work Unit\seph_wiff_sfx"/>
			</IncludedEvents>
			<IncludedMemoryFiles>
				<File Id="408379133" Language="SFX">
					<ShortName>sf02at00.wav</ShortName>
					<Path>SFX\sf02at00_56D34C19.wem</Path>
				</File>
				<File Id="585247663" Language="SFX">
					<ShortName>seph_wiff_sfx.wav</ShortName>
					<Path>SFX\seph_wiff_sfx_56D34C19.wem</Path>
				</File>
				<File Id="857155523" Language="SFX">
					<ShortName>seph_hit_sfx.wav</ShortName>
					<Path>SFX\seph_hit_sfx_56D34C19.wem</Path>
				</File>
				<File Id="1046967130" Language="SFX">
					<ShortName>sf02at02.wav</ShortName>
					<Path>SFX\sf02at02_56D34C19.wem</Path>
				</File>
			</IncludedMemoryFiles>
		</SoundBank>
	</SoundBanks>
</SoundBanksInfo>
