<?xml version="1.0" encoding="utf-8"?>
<IncrementalBankBuild Version="6" Flags="601859981">
	<Platform GUID="{0B0D15EB-3BA7-4D75-B706-B4D3672B035F}">
		<Banks>
			<Language ID="393239870">
				<File Name="Init" Hash="3121226777" Timestamp="1579123080"/>
				<File Name="SephirothBank" Hash="4281407392" Timestamp="1579146042"/>
			</Language>
		</Banks>
		<XMLInfo>
			<Language ID="-1">
				<File Name="" Hash="3873854663" Timestamp="1579146042"/>
			</Language>
		</XMLInfo>
	</Platform>
</IncrementalBankBuild>
